Order Date,Purchase Order,Customer ID,Customer Location,Order Req Amt (Ton),Fullfilled By ID,Fullfilled By Location,Supplied Amt (Ton),Cost Of Delivery ($)
2021-10-02 01:11:18.891630,50f43343-e930-4f2e-91be-606bc018c872,c53fa27e-c8c2-4b77-a89a-6ed11fa87317,Cincinatti,203,19f4a11d-63ca-4127-975a-15933aaa33ff,Omaha,203,2233
2021-10-02 04:17:18.891630,cb06e4cc-5469-4e30-a92f-287ae4a62896,d20009ca-5479-4232-8b07-7c8c11f74c2e,St Louis,127,cf9651b0-df49-498f-a66c-0a7f897545ce,Kansas City,127,1016
2021-10-02 04:43:18.891630,a23e6eb8-8a52-434b-b35c-5c1d3a70b0ea,70080304-afa3-4026-9c86-95970c4ed5b4,Chicago,242,ae5d7b77-86c9-49d2-ac18-09bf9883adc2,Des Moines,210,840
2021-09-02 03:26:18.892631,cd5fdc3d-b08f-426e-bc9e-fb25a676d2be,c53fa27e-c8c2-4b77-a89a-6ed11fa87317,Cincinatti,188,cf9651b0-df49-498f-a66c-0a7f897545ce,Kansas City,188,1880
2021-09-02 05:08:18.892631,90474d73-46c2-4e7a-a42e-27907d13fe48,70080304-afa3-4026-9c86-95970c4ed5b4,Chicago,154,19f4a11d-63ca-4127-975a-15933aaa33ff,Omaha,154,1078
2021-09-02 06:05:18.892631,d432dbd7-bf0b-4fd2-b56d-00d06baec1b5,d20009ca-5479-4232-8b07-7c8c11f74c2e,St Louis,102,ae5d7b77-86c9-49d2-ac18-09bf9883adc2,Des Moines,102,510
2021-08-02 13:04:18.893130,179e4d09-11a6-4659-a380-a6ef3103e495,c53fa27e-c8c2-4b77-a89a-6ed11fa87317,Cincinatti,307,ae5d7b77-86c9-49d2-ac18-09bf9883adc2,Des Moines,293,3516
2021-08-02 14:28:18.893130,a1944fe4-f8fa-4a76-a290-6bbc5994aa28,70080304-afa3-4026-9c86-95970c4ed5b4,Chicago,129,19f4a11d-63ca-4127-975a-15933aaa33ff,Omaha,129,903
2021-08-02 20:39:18.893130,d35d6abf-ad37-4404-b163-3c18d557f0f9,d20009ca-5479-4232-8b07-7c8c11f74c2e,St Louis,139,cf9651b0-df49-498f-a66c-0a7f897545ce,Kansas City,107,856
2021-07-03 16:59:18.894129,43567602-e2bb-4c86-aa1c-10675e9c34e6,d20009ca-5479-4232-8b07-7c8c11f74c2e,St Louis,93,cf9651b0-df49-498f-a66c-0a7f897545ce,Kansas City,93,744
2021-07-04 04:49:18.894129,4d76c1cd-5458-4cac-be5a-d7f31c3fd2c2,70080304-afa3-4026-9c86-95970c4ed5b4,Chicago,130,19f4a11d-63ca-4127-975a-15933aaa33ff,Omaha,130,910
2021-07-04 05:49:18.894129,fa014ec9-1b59-4115-b959-119da3fc0c20,c53fa27e-c8c2-4b77-a89a-6ed11fa87317,Cincinatti,230,ae5d7b77-86c9-49d2-ac18-09bf9883adc2,Des Moines,230,2760
2021-06-03 21:59:18.894629,d69290b7-3989-4efb-a9ac-4063a6a51c78,d20009ca-5479-4232-8b07-7c8c11f74c2e,St Louis,126,cf9651b0-df49-498f-a66c-0a7f897545ce,Kansas City,126,1008
2021-06-04 04:35:18.894629,f28615ea-7065-41e2-9f55-1d15d6a5f6ce,c53fa27e-c8c2-4b77-a89a-6ed11fa87317,Cincinatti,294,ae5d7b77-86c9-49d2-ac18-09bf9883adc2,Des Moines,268,3216
2021-06-04 05:59:18.894629,f5d4062b-a66b-40b7-88f5-4cf0ccdb9fad,70080304-afa3-4026-9c86-95970c4ed5b4,Chicago,275,19f4a11d-63ca-4127-975a-15933aaa33ff,Omaha,93,651
2021-05-04 20:13:18.895129,fca66ae5-dea5-4b87-a865-53122d9db98a,70080304-afa3-4026-9c86-95970c4ed5b4,Chicago,161,cf9651b0-df49-498f-a66c-0a7f897545ce,Kansas City,161,966
2021-05-05 01:27:18.895129,9bf5f019-b674-4869-95cf-50574958a532,c53fa27e-c8c2-4b77-a89a-6ed11fa87317,Cincinatti,347,19f4a11d-63ca-4127-975a-15933aaa33ff,Omaha,252,2772
2021-05-05 04:45:18.895129,09350ed1-09a2-4223-a27c-ce6a96a0f220,d20009ca-5479-4232-8b07-7c8c11f74c2e,St Louis,102,ae5d7b77-86c9-49d2-ac18-09bf9883adc2,Des Moines,102,510
2021-04-04 13:19:18.895629,1c408c9c-508a-48db-a6bd-0245e846c33b,70080304-afa3-4026-9c86-95970c4ed5b4,Chicago,127,cf9651b0-df49-498f-a66c-0a7f897545ce,Kansas City,127,762
2021-04-04 18:34:18.895629,733ace4c-05a6-4909-b00d-6246245fe06e,c53fa27e-c8c2-4b77-a89a-6ed11fa87317,Cincinatti,426,ae5d7b77-86c9-49d2-ac18-09bf9883adc2,Des Moines,261,3132
2021-04-05 00:19:18.895629,81298777-ace9-47f3-8fb8-7466aae330b3,d20009ca-5479-4232-8b07-7c8c11f74c2e,St Louis,138,19f4a11d-63ca-4127-975a-15933aaa33ff,Omaha,118,1298
2021-03-05 18:24:18.907130,f5d08502-3ad6-4b08-ae40-8bc993a04ac4,c53fa27e-c8c2-4b77-a89a-6ed11fa87317,Cincinatti,182,cf9651b0-df49-498f-a66c-0a7f897545ce,Kansas City,182,1820
2021-03-06 02:41:18.907130,5a7bd64a-06a7-42cb-b34a-9b27e52cb013,70080304-afa3-4026-9c86-95970c4ed5b4,Chicago,249,ae5d7b77-86c9-49d2-ac18-09bf9883adc2,Des Moines,223,892
2021-03-06 03:04:18.907130,2a665f4e-e51d-4b06-8040-4c63ab4487b4,d20009ca-5479-4232-8b07-7c8c11f74c2e,St Louis,85,19f4a11d-63ca-4127-975a-15933aaa33ff,Omaha,85,935
2021-02-03 15:58:18.907630,e5b015b8-9534-4787-98a6-17b038e7eed6,c53fa27e-c8c2-4b77-a89a-6ed11fa87317,Cincinatti,157,cf9651b0-df49-498f-a66c-0a7f897545ce,Kansas City,157,1570
2021-02-04 04:16:18.907630,a6de9929-db3d-475b-a6e5-972d8f40a8b9,d20009ca-5479-4232-8b07-7c8c11f74c2e,St Louis,133,19f4a11d-63ca-4127-975a-15933aaa33ff,Omaha,133,1463
2021-02-04 05:08:18.907630,4cb944cd-9049-479d-ab8e-33b13126fec1,70080304-afa3-4026-9c86-95970c4ed5b4,Chicago,195,ae5d7b77-86c9-49d2-ac18-09bf9883adc2,Des Moines,195,780
2021-01-05 03:51:18.908630,9293865f-4a76-4435-b8d6-087692fb4f54,70080304-afa3-4026-9c86-95970c4ed5b4,Chicago,201,19f4a11d-63ca-4127-975a-15933aaa33ff,Omaha,201,1407
2021-01-05 04:26:18.908630,cd0d5365-4e0f-4fa9-9b00-47d420313995,d20009ca-5479-4232-8b07-7c8c11f74c2e,St Louis,78,cf9651b0-df49-498f-a66c-0a7f897545ce,Kansas City,78,624
2021-01-05 05:54:18.908630,ca1877a6-5c84-4153-a812-afdb25f9b7eb,c53fa27e-c8c2-4b77-a89a-6ed11fa87317,Cincinatti,192,ae5d7b77-86c9-49d2-ac18-09bf9883adc2,Des Moines,192,2304
2020-12-05 17:09:18.909131,70a24878-bb5d-44e1-9d15-58b2a9ecc3d5,70080304-afa3-4026-9c86-95970c4ed5b4,Chicago,149,19f4a11d-63ca-4127-975a-15933aaa33ff,Omaha,149,1043
2020-12-06 03:20:18.909131,e3e00921-9c29-488b-b127-72ce5a83ce15,c53fa27e-c8c2-4b77-a89a-6ed11fa87317,Cincinatti,163,ae5d7b77-86c9-49d2-ac18-09bf9883adc2,Des Moines,163,1956
2020-12-06 03:43:18.909131,60e058c2-885b-4f6f-9e94-429979af5eef,d20009ca-5479-4232-8b07-7c8c11f74c2e,St Louis,73,cf9651b0-df49-498f-a66c-0a7f897545ce,Kansas City,73,584
2020-11-05 10:50:18.909629,e181f8f4-d517-4c81-b73d-4e201867dd20,c53fa27e-c8c2-4b77-a89a-6ed11fa87317,Cincinatti,185,cf9651b0-df49-498f-a66c-0a7f897545ce,Kansas City,185,1850
2020-11-05 13:29:18.909629,0466ebc5-faef-4d5a-94e9-a5260d8ab396,70080304-afa3-4026-9c86-95970c4ed5b4,Chicago,292,ae5d7b77-86c9-49d2-ac18-09bf9883adc2,Des Moines,292,1168
2020-11-05 18:18:18.909629,000ad40c-a1d4-4701-9790-2c3e9e591bec,d20009ca-5479-4232-8b07-7c8c11f74c2e,St Louis,134,19f4a11d-63ca-4127-975a-15933aaa33ff,Omaha,134,1474
2020-10-06 08:44:18.910129,6b03024e-5c59-4ef9-b01c-74b2a5e9f306,70080304-afa3-4026-9c86-95970c4ed5b4,Chicago,187,cf9651b0-df49-498f-a66c-0a7f897545ce,Kansas City,187,1122
2020-10-06 13:28:18.910129,b6222810-af88-40f4-9f40-686abc3cbed5,c53fa27e-c8c2-4b77-a89a-6ed11fa87317,Cincinatti,297,ae5d7b77-86c9-49d2-ac18-09bf9883adc2,Des Moines,211,2532
2020-10-07 03:24:18.910129,6d10cbd9-b7ef-4d16-ab26-dbecf918dc91,d20009ca-5479-4232-8b07-7c8c11f74c2e,St Louis,144,19f4a11d-63ca-4127-975a-15933aaa33ff,Omaha,144,1584
2020-09-06 19:42:18.922633,a9cf700c-89f2-4a34-bd95-b7ca4fc90e78,c53fa27e-c8c2-4b77-a89a-6ed11fa87317,Cincinatti,317,ae5d7b77-86c9-49d2-ac18-09bf9883adc2,Des Moines,282,3384
2020-09-07 01:25:18.922633,e3bcf02a-8708-4f4c-9f8b-dd73c0469f57,d20009ca-5479-4232-8b07-7c8c11f74c2e,St Louis,78,cf9651b0-df49-498f-a66c-0a7f897545ce,Kansas City,78,624
2020-09-07 02:59:18.922633,e88b928c-0c70-474b-ac99-2d9f088da4ef,70080304-afa3-4026-9c86-95970c4ed5b4,Chicago,186,19f4a11d-63ca-4127-975a-15933aaa33ff,Omaha,146,1022
2020-08-07 11:10:18.923132,b1a8dee5-afa3-43e2-be8a-20fd5185fa1e,d20009ca-5479-4232-8b07-7c8c11f74c2e,St Louis,86,19f4a11d-63ca-4127-975a-15933aaa33ff,Omaha,86,946
2020-08-07 21:20:18.923132,d871b579-d171-434e-91cc-dfb97e123a13,70080304-afa3-4026-9c86-95970c4ed5b4,Chicago,236,ae5d7b77-86c9-49d2-ac18-09bf9883adc2,Des Moines,236,944
2020-08-08 06:00:18.923132,bef304f7-d0a2-458f-b5de-ba61a0addb13,c53fa27e-c8c2-4b77-a89a-6ed11fa87317,Cincinatti,163,19f4a11d-63ca-4127-975a-15933aaa33ff,Omaha,108,1188
2020-07-08 10:51:18.923632,10aab08d-471c-4c14-a83b-4fcd7aeb9696,d20009ca-5479-4232-8b07-7c8c11f74c2e,St Louis,52,cf9651b0-df49-498f-a66c-0a7f897545ce,Kansas City,52,416
2020-07-08 18:58:18.923632,1bd2c778-1456-4884-b0fc-e7985d4a38fd,70080304-afa3-4026-9c86-95970c4ed5b4,Chicago,251,ae5d7b77-86c9-49d2-ac18-09bf9883adc2,Des Moines,238,952
2020-07-08 23:40:18.923632,9b8cefe0-610f-4f65-a795-fb0a3f4a181e,c53fa27e-c8c2-4b77-a89a-6ed11fa87317,Cincinatti,283,19f4a11d-63ca-4127-975a-15933aaa33ff,Omaha,90,990
2020-06-08 09:11:18.924631,83bc6dae-2124-4f59-ae4c-5fde14a8bf53,d20009ca-5479-4232-8b07-7c8c11f74c2e,St Louis,73,cf9651b0-df49-498f-a66c-0a7f897545ce,Kansas City,73,584
2020-06-09 01:31:18.924631,d200a121-4ef1-4779-b30f-a80e7412b7d8,c53fa27e-c8c2-4b77-a89a-6ed11fa87317,Cincinatti,435,19f4a11d-63ca-4127-975a-15933aaa33ff,Omaha,146,1606
2020-06-09 01:49:18.924631,28b629c0-add5-4548-ace9-bab3d0f9e4fa,70080304-afa3-4026-9c86-95970c4ed5b4,Chicago,197,ae5d7b77-86c9-49d2-ac18-09bf9883adc2,Des Moines,139,556
2020-05-09 17:12:18.925632,aa299990-2fa5-4061-9647-08f69878e78a,c53fa27e-c8c2-4b77-a89a-6ed11fa87317,Cincinatti,443,ae5d7b77-86c9-49d2-ac18-09bf9883adc2,Des Moines,339,4068
2020-05-10 01:53:18.925632,af902384-358d-42fa-b343-339b688c6a9d,d20009ca-5479-4232-8b07-7c8c11f74c2e,St Louis,62,cf9651b0-df49-498f-a66c-0a7f897545ce,Kansas City,62,496
2020-05-10 02:16:18.925632,5081b04f-e3b0-4b4a-b00b-6bb2831e0b01,70080304-afa3-4026-9c86-95970c4ed5b4,Chicago,258,19f4a11d-63ca-4127-975a-15933aaa33ff,Omaha,228,1596
2020-04-09 20:12:18.926130,d0178950-ea94-4596-a9f0-36a0c9562169,d20009ca-5479-4232-8b07-7c8c11f74c2e,St Louis,130,cf9651b0-df49-498f-a66c-0a7f897545ce,Kansas City,130,1040
2020-04-10 01:36:18.926130,4e37404f-9ab3-462f-af41-fe34169dfc96,c53fa27e-c8c2-4b77-a89a-6ed11fa87317,Cincinatti,409,ae5d7b77-86c9-49d2-ac18-09bf9883adc2,Des Moines,149,1788
2020-04-10 02:40:18.926130,41b54250-7dba-4cfd-bf73-3dfdd672b5fd,70080304-afa3-4026-9c86-95970c4ed5b4,Chicago,177,19f4a11d-63ca-4127-975a-15933aaa33ff,Omaha,102,714
2020-03-11 05:50:18.937763,6c86f314-cdc3-47c6-866f-a9fe4a19bab6,70080304-afa3-4026-9c86-95970c4ed5b4,Chicago,137,19f4a11d-63ca-4127-975a-15933aaa33ff,Omaha,137,959
2020-03-11 06:00:18.937763,3d8497bf-a69a-4c60-a8a0-4d460d7a3503,d20009ca-5479-4232-8b07-7c8c11f74c2e,St Louis,78,cf9651b0-df49-498f-a66c-0a7f897545ce,Kansas City,78,624
2020-03-11 06:02:18.937763,a2682e8d-0545-4e07-a4f9-d7476ad3bbbb,c53fa27e-c8c2-4b77-a89a-6ed11fa87317,Cincinatti,377,ae5d7b77-86c9-49d2-ac18-09bf9883adc2,Des Moines,307,3684
2020-02-09 12:05:18.938263,8ba5c9f6-0f2a-48f5-915f-45098946387f,c53fa27e-c8c2-4b77-a89a-6ed11fa87317,Cincinatti,272,ae5d7b77-86c9-49d2-ac18-09bf9883adc2,Des Moines,272,3264
2020-02-09 18:35:18.938263,80c3378d-17ae-4c56-999e-606fecc6c961,70080304-afa3-4026-9c86-95970c4ed5b4,Chicago,270,19f4a11d-63ca-4127-975a-15933aaa33ff,Omaha,220,1540
2020-02-10 05:00:18.938263,9f7f61fc-1296-46d4-b55a-0da4c5adbeae,d20009ca-5479-4232-8b07-7c8c11f74c2e,St Louis,139,cf9651b0-df49-498f-a66c-0a7f897545ce,Kansas City,135,1080
2020-01-10 11:15:18.938762,6adc40a7-7a53-492f-8d45-be7c5e1c4835,d20009ca-5479-4232-8b07-7c8c11f74c2e,St Louis,133,cf9651b0-df49-498f-a66c-0a7f897545ce,Kansas City,133,1064
2020-01-10 14:02:18.938762,7e391326-fbb4-42b5-a62f-b4a7f1b6a83e,c53fa27e-c8c2-4b77-a89a-6ed11fa87317,Cincinatti,160,19f4a11d-63ca-4127-975a-15933aaa33ff,Omaha,160,1760
2020-01-10 21:38:18.938762,72b07847-ab62-4748-ad96-87c3c9e96a1d,70080304-afa3-4026-9c86-95970c4ed5b4,Chicago,272,ae5d7b77-86c9-49d2-ac18-09bf9883adc2,Des Moines,272,1088
2019-12-11 14:21:18.939263,dbd8cb4e-a75a-401e-83a8-f0c1341b72a7,c53fa27e-c8c2-4b77-a89a-6ed11fa87317,Cincinatti,404,ae5d7b77-86c9-49d2-ac18-09bf9883adc2,Des Moines,299,3588
2019-12-11 16:41:18.939263,1eb9b50a-58ce-4d00-b2dd-3c4a8e807c6a,d20009ca-5479-4232-8b07-7c8c11f74c2e,St Louis,128,cf9651b0-df49-498f-a66c-0a7f897545ce,Kansas City,128,1024
2019-12-11 18:20:18.939263,d86e2e0a-b2df-452b-92c1-18cd9d28be74,70080304-afa3-4026-9c86-95970c4ed5b4,Chicago,140,19f4a11d-63ca-4127-975a-15933aaa33ff,Omaha,133,931
2019-11-11 20:45:18.940262,a4e4e90e-5932-4232-967c-0d34e23ee2fc,d20009ca-5479-4232-8b07-7c8c11f74c2e,St Louis,101,19f4a11d-63ca-4127-975a-15933aaa33ff,Omaha,101,1111
2019-11-12 05:08:18.940262,a45a330c-e1aa-48d1-bfc8-b9eed7ddda1e,c53fa27e-c8c2-4b77-a89a-6ed11fa87317,Cincinatti,227,ae5d7b77-86c9-49d2-ac18-09bf9883adc2,Des Moines,216,2592
2019-11-12 05:40:18.940262,95752ef1-303f-4992-afda-702585c8793c,70080304-afa3-4026-9c86-95970c4ed5b4,Chicago,189,19f4a11d-63ca-4127-975a-15933aaa33ff,Omaha,78,546
2019-10-12 15:43:18.940762,1306e55e-9757-40a3-9b97-74144840f561,c53fa27e-c8c2-4b77-a89a-6ed11fa87317,Cincinatti,302,ae5d7b77-86c9-49d2-ac18-09bf9883adc2,Des Moines,217,2604
2019-10-12 23:05:18.940762,1ae5c63c-4c89-4dac-88d9-1d634035d971,70080304-afa3-4026-9c86-95970c4ed5b4,Chicago,170,cf9651b0-df49-498f-a66c-0a7f897545ce,Kansas City,170,1020
2019-10-13 01:52:18.940762,eb9fa2a2-3a14-4ce0-a131-5ef493095dca,d20009ca-5479-4232-8b07-7c8c11f74c2e,St Louis,73,19f4a11d-63ca-4127-975a-15933aaa33ff,Omaha,73,803
2019-09-13 01:21:18.952667,067c7c2d-e6ff-46d4-a6f4-0cea00e94182,c53fa27e-c8c2-4b77-a89a-6ed11fa87317,Cincinatti,170,19f4a11d-63ca-4127-975a-15933aaa33ff,Omaha,170,1870
2019-09-13 05:04:18.952667,366f1306-d33f-440d-9831-e9746ac39835,70080304-afa3-4026-9c86-95970c4ed5b4,Chicago,170,ae5d7b77-86c9-49d2-ac18-09bf9883adc2,Des Moines,170,680
2019-09-13 05:23:18.952667,236a37a6-6d0e-4932-a6a0-ece76cd5771c,d20009ca-5479-4232-8b07-7c8c11f74c2e,St Louis,146,ae5d7b77-86c9-49d2-ac18-09bf9883adc2,Des Moines,146,730
2019-08-14 05:41:18.953587,e343d588-643e-4952-a37f-5d21fb2bc159,c53fa27e-c8c2-4b77-a89a-6ed11fa87317,Cincinatti,183,19f4a11d-63ca-4127-975a-15933aaa33ff,Omaha,164,1804
2019-08-14 06:05:18.953587,dd652a99-5df3-451c-9456-3ed00d265e5e,d20009ca-5479-4232-8b07-7c8c11f74c2e,St Louis,123,ae5d7b77-86c9-49d2-ac18-09bf9883adc2,Des Moines,123,615
2019-08-14 06:07:18.953587,c1a8ffe6-7cfe-42cc-9b5d-89ddf7242a2b,70080304-afa3-4026-9c86-95970c4ed5b4,Chicago,221,cf9651b0-df49-498f-a66c-0a7f897545ce,Kansas City,109,654
2019-07-14 12:18:18.954592,22ffa6d8-0702-4020-aa51-5fc312230fa9,c53fa27e-c8c2-4b77-a89a-6ed11fa87317,Cincinatti,392,19f4a11d-63ca-4127-975a-15933aaa33ff,Omaha,224,2464
2019-07-15 01:48:18.954592,647a9bdf-97a7-4259-8189-258fed9643bb,70080304-afa3-4026-9c86-95970c4ed5b4,Chicago,261,ae5d7b77-86c9-49d2-ac18-09bf9883adc2,Des Moines,162,648
2019-07-15 05:10:18.954592,0d4fa42b-376c-4019-a3a6-a76009ab95e3,d20009ca-5479-4232-8b07-7c8c11f74c2e,St Louis,71,cf9651b0-df49-498f-a66c-0a7f897545ce,Kansas City,71,568
2019-06-15 02:53:18.955092,bbb5a2fe-fde1-43c8-b8bc-b881cedc9f6a,c53fa27e-c8c2-4b77-a89a-6ed11fa87317,Cincinatti,272,ae5d7b77-86c9-49d2-ac18-09bf9883adc2,Des Moines,272,3264
2019-06-15 05:29:18.955092,0ce77eac-fa38-4cfd-af55-f51637172306,d20009ca-5479-4232-8b07-7c8c11f74c2e,St Louis,72,cf9651b0-df49-498f-a66c-0a7f897545ce,Kansas City,72,576
2019-06-15 05:57:18.955092,509a136d-684d-413d-8e78-b23b61d87bf8,70080304-afa3-4026-9c86-95970c4ed5b4,Chicago,295,19f4a11d-63ca-4127-975a-15933aaa33ff,Omaha,195,1365
2019-05-15 16:14:18.955593,dda3be20-68a9-4119-967d-52b5fbfd3e9a,d20009ca-5479-4232-8b07-7c8c11f74c2e,St Louis,108,cf9651b0-df49-498f-a66c-0a7f897545ce,Kansas City,108,864
2019-05-15 18:41:18.955593,f288efdf-c78a-47f0-89da-99e7125582cf,70080304-afa3-4026-9c86-95970c4ed5b4,Chicago,160,ae5d7b77-86c9-49d2-ac18-09bf9883adc2,Des Moines,160,640
2019-05-16 05:36:18.955593,fada2456-d5b4-40f7-963f-60b0d3aba72c,c53fa27e-c8c2-4b77-a89a-6ed11fa87317,Cincinatti,342,19f4a11d-63ca-4127-975a-15933aaa33ff,Omaha,149,1639
2019-04-15 12:01:18.956091,068d254b-16d2-4c46-8fd9-fa71d72a1207,70080304-afa3-4026-9c86-95970c4ed5b4,Chicago,182,cf9651b0-df49-498f-a66c-0a7f897545ce,Kansas City,182,1092
2019-04-15 20:56:18.956091,bb2c78b4-26a4-4064-bb8d-b6fb55bafaa1,c53fa27e-c8c2-4b77-a89a-6ed11fa87317,Cincinatti,320,19f4a11d-63ca-4127-975a-15933aaa33ff,Omaha,156,1716
2019-04-16 04:26:18.956091,b299ed21-f77b-44cc-bb17-5e564530fb1c,d20009ca-5479-4232-8b07-7c8c11f74c2e,St Louis,146,ae5d7b77-86c9-49d2-ac18-09bf9883adc2,Des Moines,142,710
2019-03-16 07:12:18.956591,4b036ed4-b2d1-4a41-81c7-7751ec8104f9,d20009ca-5479-4232-8b07-7c8c11f74c2e,St Louis,121,19f4a11d-63ca-4127-975a-15933aaa33ff,Omaha,121,1331
2019-03-17 02:57:18.956591,6c7439eb-e86f-4763-a79a-eef2b8392e68,c53fa27e-c8c2-4b77-a89a-6ed11fa87317,Cincinatti,280,ae5d7b77-86c9-49d2-ac18-09bf9883adc2,Des Moines,280,3360
2019-03-17 04:16:18.956591,fadcd83f-f27e-4467-b986-3233de0714c7,70080304-afa3-4026-9c86-95970c4ed5b4,Chicago,239,cf9651b0-df49-498f-a66c-0a7f897545ce,Kansas City,118,708
2019-02-14 09:17:18.969248,e9525721-95ad-4d27-9029-a1cadc52aa2e,d20009ca-5479-4232-8b07-7c8c11f74c2e,St Louis,119,cf9651b0-df49-498f-a66c-0a7f897545ce,Kansas City,119,952
2019-02-14 22:40:18.969248,d2026536-b017-4e66-91a3-ce05202fedb8,c53fa27e-c8c2-4b77-a89a-6ed11fa87317,Cincinatti,263,ae5d7b77-86c9-49d2-ac18-09bf9883adc2,Des Moines,263,3156
2019-02-14 22:42:18.969248,c9ca92ed-a32e-46db-a6ef-60fe0cd7c0db,70080304-afa3-4026-9c86-95970c4ed5b4,Chicago,204,19f4a11d-63ca-4127-975a-15933aaa33ff,Omaha,204,1428
2019-01-15 22:04:18.969746,6bcb24df-241f-4313-a986-1e88fc2c2319,70080304-afa3-4026-9c86-95970c4ed5b4,Chicago,144,ae5d7b77-86c9-49d2-ac18-09bf9883adc2,Des Moines,144,576
2019-01-16 01:08:18.969746,492a8270-b3c5-4573-8577-52be2407e7b9,d20009ca-5479-4232-8b07-7c8c11f74c2e,St Louis,118,cf9651b0-df49-498f-a66c-0a7f897545ce,Kansas City,118,944
2019-01-16 05:58:18.969746,9a141bde-9a8f-4ca6-b446-853a7e275dcd,c53fa27e-c8c2-4b77-a89a-6ed11fa87317,Cincinatti,314,19f4a11d-63ca-4127-975a-15933aaa33ff,Omaha,143,1573
2018-12-16 14:44:18.970747,b73ba9aa-19e3-4b42-86bf-802564e56484,70080304-afa3-4026-9c86-95970c4ed5b4,Chicago,195,ae5d7b77-86c9-49d2-ac18-09bf9883adc2,Des Moines,158,632
2018-12-16 18:36:18.970747,93ff2f23-8095-4bab-a524-3f4c73a97cb9,c53fa27e-c8c2-4b77-a89a-6ed11fa87317,Cincinatti,152,19f4a11d-63ca-4127-975a-15933aaa33ff,Omaha,116,1276
2018-12-17 05:08:18.970747,bef2b093-c9db-4113-9049-2ccf81f3d7bc,d20009ca-5479-4232-8b07-7c8c11f74c2e,St Louis,135,cf9651b0-df49-498f-a66c-0a7f897545ce,Kansas City,97,776
2018-11-16 10:09:18.971246,799fca2b-f73d-4fb2-a647-5e6829182a75,c53fa27e-c8c2-4b77-a89a-6ed11fa87317,Cincinatti,334,ae5d7b77-86c9-49d2-ac18-09bf9883adc2,Des Moines,334,4008
2018-11-17 01:10:18.971246,1c11805f-a6ac-4b51-8e62-15dd96dd570b,d20009ca-5479-4232-8b07-7c8c11f74c2e,St Louis,110,cf9651b0-df49-498f-a66c-0a7f897545ce,Kansas City,110,880
2018-11-17 02:39:18.971246,94be7994-b063-4f15-a045-34eb5b7e889a,70080304-afa3-4026-9c86-95970c4ed5b4,Chicago,232,19f4a11d-63ca-4127-975a-15933aaa33ff,Omaha,208,1456
2018-10-17 14:36:18.971746,1cd11ea2-11f1-4dd2-9c58-795354d5e5f9,70080304-afa3-4026-9c86-95970c4ed5b4,Chicago,141,cf9651b0-df49-498f-a66c-0a7f897545ce,Kansas City,141,846
2018-10-17 17:20:18.971746,4446739b-9a4f-4fe3-b5d4-51d2b780bf44,d20009ca-5479-4232-8b07-7c8c11f74c2e,St Louis,67,cf9651b0-df49-498f-a66c-0a7f897545ce,Kansas City,67,536
2018-10-17 23:30:18.971746,1d3a2166-ece9-4448-9ba0-cfcc595c7b24,c53fa27e-c8c2-4b77-a89a-6ed11fa87317,Cincinatti,186,ae5d7b77-86c9-49d2-ac18-09bf9883adc2,Des Moines,186,2232
2018-09-17 08:36:18.972246,20ef6e3f-c003-4b42-a5b5-63672a7b44f8,70080304-afa3-4026-9c86-95970c4ed5b4,Chicago,216,19f4a11d-63ca-4127-975a-15933aaa33ff,Omaha,209,1463
2018-09-18 02:24:18.972246,5864ea6d-b64b-4e93-9085-92ac9168814c,c53fa27e-c8c2-4b77-a89a-6ed11fa87317,Cincinatti,260,ae5d7b77-86c9-49d2-ac18-09bf9883adc2,Des Moines,184,2208
2018-09-18 03:16:18.972246,19dfbfc4-2ed8-48f8-8fa7-635fcf8dd825,d20009ca-5479-4232-8b07-7c8c11f74c2e,St Louis,108,cf9651b0-df49-498f-a66c-0a7f897545ce,Kansas City,108,864
2018-08-18 18:47:18.984793,cca5e600-7f6a-4bd9-86fa-678889ad302c,70080304-afa3-4026-9c86-95970c4ed5b4,Chicago,264,ae5d7b77-86c9-49d2-ac18-09bf9883adc2,Des Moines,216,864
2018-08-19 05:07:18.984793,010191a9-961b-49fe-8a25-18b37a73a5aa,d20009ca-5479-4232-8b07-7c8c11f74c2e,St Louis,96,cf9651b0-df49-498f-a66c-0a7f897545ce,Kansas City,96,768
2018-08-19 05:55:18.984793,431a8c7d-4af1-4b85-885b-4b4d953ef29b,c53fa27e-c8c2-4b77-a89a-6ed11fa87317,Cincinatti,367,19f4a11d-63ca-4127-975a-15933aaa33ff,Omaha,169,1859
2018-07-19 16:16:18.985295,2bd97f3f-2189-4c14-907a-0a0522bb08db,70080304-afa3-4026-9c86-95970c4ed5b4,Chicago,278,ae5d7b77-86c9-49d2-ac18-09bf9883adc2,Des Moines,278,1112
2018-07-20 01:09:18.985295,9700d9a2-539f-4716-8867-682d4f33146f,d20009ca-5479-4232-8b07-7c8c11f74c2e,St Louis,66,cf9651b0-df49-498f-a66c-0a7f897545ce,Kansas City,66,528
2018-07-20 02:40:18.985295,def11284-0fb1-45df-a163-c0a7ff3fbe65,c53fa27e-c8c2-4b77-a89a-6ed11fa87317,Cincinatti,359,19f4a11d-63ca-4127-975a-15933aaa33ff,Omaha,148,1628
2018-06-19 06:53:18.985793,9f397798-e130-499b-aedb-6c3b1feb6aa2,70080304-afa3-4026-9c86-95970c4ed5b4,Chicago,282,ae5d7b77-86c9-49d2-ac18-09bf9883adc2,Des Moines,271,1084
2018-06-19 23:18:18.985793,b92c5ed5-d2d7-4051-9bd1-b4d856160b6d,d20009ca-5479-4232-8b07-7c8c11f74c2e,St Louis,72,cf9651b0-df49-498f-a66c-0a7f897545ce,Kansas City,72,576
2018-06-20 05:34:18.985793,e85333c9-289a-48c9-aeb2-482a4a3d3023,c53fa27e-c8c2-4b77-a89a-6ed11fa87317,Cincinatti,241,19f4a11d-63ca-4127-975a-15933aaa33ff,Omaha,241,2651
2018-05-20 12:09:18.986793,9dc2457b-d9b6-4727-a058-13b83569f43d,d20009ca-5479-4232-8b07-7c8c11f74c2e,St Louis,135,cf9651b0-df49-498f-a66c-0a7f897545ce,Kansas City,135,1080
2018-05-21 05:36:18.986793,c109d4c1-ef52-4f09-ba7c-2a812b251d1b,70080304-afa3-4026-9c86-95970c4ed5b4,Chicago,277,ae5d7b77-86c9-49d2-ac18-09bf9883adc2,Des Moines,264,1056
2018-05-21 05:36:18.986793,5c224456-ccef-4a57-8a06-c98ba30488a6,c53fa27e-c8c2-4b77-a89a-6ed11fa87317,Cincinatti,294,19f4a11d-63ca-4127-975a-15933aaa33ff,Omaha,153,1683
2018-04-20 10:36:18.987293,5f616339-3000-41f8-b7ce-9c82b7613559,70080304-afa3-4026-9c86-95970c4ed5b4,Chicago,226,ae5d7b77-86c9-49d2-ac18-09bf9883adc2,Des Moines,147,588
2018-04-20 18:16:18.987293,e4e35642-c02d-4526-9ba2-996315159b9c,d20009ca-5479-4232-8b07-7c8c11f74c2e,St Louis,100,cf9651b0-df49-498f-a66c-0a7f897545ce,Kansas City,100,800
2018-04-21 01:33:18.987293,1807b40d-6760-4a37-b0e4-a90fc07e89c9,c53fa27e-c8c2-4b77-a89a-6ed11fa87317,Cincinatti,401,19f4a11d-63ca-4127-975a-15933aaa33ff,Omaha,88,968
2018-03-21 23:44:18.987794,188a93ef-8d44-4174-9535-1635824b14cc,d20009ca-5479-4232-8b07-7c8c11f74c2e,St Louis,68,cf9651b0-df49-498f-a66c-0a7f897545ce,Kansas City,68,544
2018-03-22 01:43:18.987794,dee675d2-384d-4f96-8a5d-fd5b39427a80,70080304-afa3-4026-9c86-95970c4ed5b4,Chicago,260,ae5d7b77-86c9-49d2-ac18-09bf9883adc2,Des Moines,235,940
2018-03-22 02:27:18.987794,fd5db53a-53e1-4ef3-bba8-81cd5a5b9517,c53fa27e-c8c2-4b77-a89a-6ed11fa87317,Cincinatti,243,19f4a11d-63ca-4127-975a-15933aaa33ff,Omaha,149,1639
2018-02-19 21:12:18.999797,8c707cd5-4e3c-4df5-9031-25d7fe989396,d20009ca-5479-4232-8b07-7c8c11f74c2e,St Louis,61,cf9651b0-df49-498f-a66c-0a7f897545ce,Kansas City,61,488
2018-02-20 03:34:18.999797,e6a72b91-afad-4154-be13-abd224b6eadf,70080304-afa3-4026-9c86-95970c4ed5b4,Chicago,275,19f4a11d-63ca-4127-975a-15933aaa33ff,Omaha,177,1239
2018-02-20 03:54:18.999797,0746af48-236e-4388-9e42-1e2506a3d0da,c53fa27e-c8c2-4b77-a89a-6ed11fa87317,Cincinatti,221,ae5d7b77-86c9-49d2-ac18-09bf9883adc2,Des Moines,141,1692
2018-01-20 06:59:19.000793,0ee89308-9687-4da7-a0ac-6e0397399bd2,70080304-afa3-4026-9c86-95970c4ed5b4,Chicago,258,19f4a11d-63ca-4127-975a-15933aaa33ff,Omaha,214,1498
2018-01-20 16:28:19.000793,24f6f68b-d037-4af2-9a40-63abba3717fa,d20009ca-5479-4232-8b07-7c8c11f74c2e,St Louis,120,cf9651b0-df49-498f-a66c-0a7f897545ce,Kansas City,120,960
2018-01-21 00:57:19.000793,beee2f05-c050-4268-a09f-50ffd6c054da,c53fa27e-c8c2-4b77-a89a-6ed11fa87317,Cincinatti,408,ae5d7b77-86c9-49d2-ac18-09bf9883adc2,Des Moines,173,2076
2017-12-21 20:03:19.001294,955ffe89-eeb0-4e94-b37d-49a94b57f43d,d20009ca-5479-4232-8b07-7c8c11f74c2e,St Louis,104,cf9651b0-df49-498f-a66c-0a7f897545ce,Kansas City,104,832
2017-12-21 21:23:19.001294,8471612c-9caa-4d0b-9d19-ff28497e9c13,70080304-afa3-4026-9c86-95970c4ed5b4,Chicago,125,19f4a11d-63ca-4127-975a-15933aaa33ff,Omaha,125,875
2017-12-22 05:50:19.001294,d8ea5bc7-e48e-47b1-9405-842410dea201,c53fa27e-c8c2-4b77-a89a-6ed11fa87317,Cincinatti,425,ae5d7b77-86c9-49d2-ac18-09bf9883adc2,Des Moines,351,4212
2017-11-22 02:47:19.002294,5b642907-941d-4fc2-b109-2db4085c777b,70080304-afa3-4026-9c86-95970c4ed5b4,Chicago,236,ae5d7b77-86c9-49d2-ac18-09bf9883adc2,Des Moines,236,944
2017-11-22 03:34:19.002294,300ba8e0-5d73-400b-9338-6284a305ba90,d20009ca-5479-4232-8b07-7c8c11f74c2e,St Louis,126,cf9651b0-df49-498f-a66c-0a7f897545ce,Kansas City,126,1008
2017-11-22 04:19:19.002294,a35324d3-9cbb-4ca8-8569-d7bd74b74c19,c53fa27e-c8c2-4b77-a89a-6ed11fa87317,Cincinatti,376,ae5d7b77-86c9-49d2-ac18-09bf9883adc2,Des Moines,173,2076
2017-10-22 13:47:19.002794,7fc0b76f-494a-4ea2-896b-765f274d86bd,c53fa27e-c8c2-4b77-a89a-6ed11fa87317,Cincinatti,208,cf9651b0-df49-498f-a66c-0a7f897545ce,Kansas City,163,1630
2017-10-22 23:21:19.002794,c595a3b0-a55a-411d-bac9-dcb936bdbab7,70080304-afa3-4026-9c86-95970c4ed5b4,Chicago,234,ae5d7b77-86c9-49d2-ac18-09bf9883adc2,Des Moines,146,584
2017-10-23 00:59:19.002794,086cad51-5e5a-4391-b404-2db249b52411,d20009ca-5479-4232-8b07-7c8c11f74c2e,St Louis,124,19f4a11d-63ca-4127-975a-15933aaa33ff,Omaha,104,1144
2017-09-23 01:54:19.003293,fff636f6-850c-44c5-8028-452a534c3333,c53fa27e-c8c2-4b77-a89a-6ed11fa87317,Cincinatti,164,19f4a11d-63ca-4127-975a-15933aaa33ff,Omaha,164,1804
2017-09-23 03:13:19.003293,9b790adc-691d-4034-b5c1-3adeb1748fce,70080304-afa3-4026-9c86-95970c4ed5b4,Chicago,105,cf9651b0-df49-498f-a66c-0a7f897545ce,Kansas City,105,630
2017-09-23 03:47:19.003293,fca7a730-2279-4c5f-b5d5-565263c34790,d20009ca-5479-4232-8b07-7c8c11f74c2e,St Louis,52,ae5d7b77-86c9-49d2-ac18-09bf9883adc2,Des Moines,52,260
2017-08-23 07:28:19.015295,2943f076-6321-4fd4-a06d-79223b527779,70080304-afa3-4026-9c86-95970c4ed5b4,Chicago,259,ae5d7b77-86c9-49d2-ac18-09bf9883adc2,Des Moines,186,744
2017-08-24 05:34:19.015295,941729dc-09da-42c4-ae70-e8618ed93b03,c53fa27e-c8c2-4b77-a89a-6ed11fa87317,Cincinatti,308,19f4a11d-63ca-4127-975a-15933aaa33ff,Omaha,167,1837
2017-08-24 06:02:19.015295,2004ab09-a62b-4e78-80c3-a895acd190d2,d20009ca-5479-4232-8b07-7c8c11f74c2e,St Louis,52,cf9651b0-df49-498f-a66c-0a7f897545ce,Kansas City,52,416
2017-07-24 09:40:19.015795,04d66120-14c4-4233-a9aa-5c90ede2ae25,d20009ca-5479-4232-8b07-7c8c11f74c2e,St Louis,121,19f4a11d-63ca-4127-975a-15933aaa33ff,Omaha,121,1331
2017-07-25 03:13:19.015795,58b3a0c7-838a-4473-b910-bb682e3d291e,c53fa27e-c8c2-4b77-a89a-6ed11fa87317,Cincinatti,426,ae5d7b77-86c9-49d2-ac18-09bf9883adc2,Des Moines,321,3852
2017-07-25 04:17:19.015795,601b7911-40f5-4864-ad98-205065b5c734,70080304-afa3-4026-9c86-95970c4ed5b4,Chicago,154,cf9651b0-df49-498f-a66c-0a7f897545ce,Kansas City,118,708
2017-06-24 22:56:19.016294,613fdae6-ea2b-48a6-924f-99d5a3bc01c4,70080304-afa3-4026-9c86-95970c4ed5b4,Chicago,116,cf9651b0-df49-498f-a66c-0a7f897545ce,Kansas City,116,696
2017-06-24 23:11:19.016294,c90fdb0b-0722-4499-9f6e-0c55df97a753,d20009ca-5479-4232-8b07-7c8c11f74c2e,St Louis,84,19f4a11d-63ca-4127-975a-15933aaa33ff,Omaha,84,924
2017-06-25 03:30:19.016294,9c0f1f0d-07f4-43b7-9fa1-d96b285d8154,c53fa27e-c8c2-4b77-a89a-6ed11fa87317,Cincinatti,235,ae5d7b77-86c9-49d2-ac18-09bf9883adc2,Des Moines,229,2748
2017-05-25 23:49:19.017293,27274f6e-18df-4a01-9ab9-948b2708047e,c53fa27e-c8c2-4b77-a89a-6ed11fa87317,Cincinatti,333,19f4a11d-63ca-4127-975a-15933aaa33ff,Omaha,218,2398
2017-05-26 05:06:19.017293,c190815d-e225-40ac-8d4a-ab6d62a79d69,d20009ca-5479-4232-8b07-7c8c11f74c2e,St Louis,86,cf9651b0-df49-498f-a66c-0a7f897545ce,Kansas City,86,688
2017-05-26 05:51:19.017293,493d9f27-3753-4b16-8bf3-629d57e71335,70080304-afa3-4026-9c86-95970c4ed5b4,Chicago,131,ae5d7b77-86c9-49d2-ac18-09bf9883adc2,Des Moines,131,524
2017-04-25 12:12:19.017793,1893e106-bf71-4374-b70a-23370336f142,d20009ca-5479-4232-8b07-7c8c11f74c2e,St Louis,124,cf9651b0-df49-498f-a66c-0a7f897545ce,Kansas City,124,992
2017-04-25 15:53:19.017793,18487038-b8a9-424e-9096-35807fb8ef57,70080304-afa3-4026-9c86-95970c4ed5b4,Chicago,136,19f4a11d-63ca-4127-975a-15933aaa33ff,Omaha,136,952
2017-04-26 02:54:19.017793,f34be0a5-2364-4945-a3d0-027f6e34f2ee,c53fa27e-c8c2-4b77-a89a-6ed11fa87317,Cincinatti,197,ae5d7b77-86c9-49d2-ac18-09bf9883adc2,Des Moines,197,2364
2017-03-26 18:10:19.018295,2c713247-b860-40e8-9832-04789ad61a7c,c53fa27e-c8c2-4b77-a89a-6ed11fa87317,Cincinatti,349,ae5d7b77-86c9-49d2-ac18-09bf9883adc2,Des Moines,179,2148
2017-03-27 04:54:19.018295,056cb0d9-599d-4492-ae44-a2ca70f54b6d,d20009ca-5479-4232-8b07-7c8c11f74c2e,St Louis,132,19f4a11d-63ca-4127-975a-15933aaa33ff,Omaha,132,1452
2017-03-27 06:00:19.018295,f577ed6e-d6ff-4ace-9133-15adc6e0eaa5,70080304-afa3-4026-9c86-95970c4ed5b4,Chicago,111,cf9651b0-df49-498f-a66c-0a7f897545ce,Kansas City,97,582
